edge_num,Node_1,X_1,Y_1,Node_2,X_2,Y_2,length,C-betweenness_1,C-betweenness_2,C-closness_1,C-closness_2,K-core_1,K-core_2,Edge_vunerability
1,159,706.17,1557.05,151,608.52,1549.87,98.4575,0.040119342347489366,0.023741509553735798,0.0006010184226783714,0.000573446925115169,2,2,0.0016871170668299308
2,151,608.52,1549.87,43,605.65,1559.92,10.4545,0.023741509553735798,0.0,0.000573446925115169,0.0005700486255320604,2,1,0.014003619840458673
3,151,608.52,1549.87,147,551.08,1525.46,63.1370,0.023741509553735798,0.18713895765885863,0.000573446925115169,0.0005663502977586533,2,2,0.0032061663750547454
4,160,713.87,1524.06,159,706.17,1557.05,33.8799,0.4196026153748492,0.040119342347489366,0.0006124097273140823,0.0006010184226783714,2,2,0.0035607358674280333
5,131,354.24,1522.67,38,352.91,1559.92,37.2825,0.13191138195899194,0.0,0.0005179412594274564,0.0005081832960289347,2,1,0.009425920844709819
6,141,462.33,1522.59,147,551.08,1525.46,88.7940,0.1699993652002793,0.18713895765885863,0.0005437674207177164,0.0005663502977586533,2,2,0.008281555060476732
7,141,462.33,1522.59,40,458.89,1559.35,36.9239,0.1699993652002793,0.0,0.0005437674207177164,0.00053312349496729,2,1,0.009632670391681102
8,131,354.24,1522.67,141,462.33,1522.59,108.0959,0.13191138195899194,0.1699993652002793,0.0005179412594274564,0.0005437674207177164,2,2,0.006702406010880453
9,120,257.84,1521.44,131,354.24,1522.67,96.4046,0.08607884212530946,0.13191138195899194,0.0004951733258252446,0.0005179412594274564,2,2,0.006210378695773485
10,120,257.84,1521.44,36,256.69,1551.31,29.8918,0.08607884212530946,0.0,0.0004951733258252446,0.0004879908486999381,2,1,0.009184871634870884
11,111,18.31,1521.15,120,257.84,1521.44,239.5323,0.04634037961023297,0.08607884212530946,0.00044730250732490405,0.0004951733258252446,2,2,0.0020048459673171182
12,154,637.24,1521.15,160,713.87,1524.06,76.6783,0.341903129562623,0.4196026153748492,0.000590379736913436,0.0006124097273140823,2,2,0.0038742913916147937
13,147,551.08,1525.46,154,637.24,1521.15,86.2702,0.18713895765885863,0.341903129562623,0.0005663502977586533,0.000590379736913436,2,2,0.0019852617870733764
14,111,18.31,1521.15,4,-0.65,1520.29,18.9753,0.04634037961023297,0.0,0.00044730250732490405,0.0004435588636126873,2,1,0.010900334100467068
15,93,1347.16,1516.88,30,1558.46,1523.31,211.4013,0.03999238240335174,0.0,0.0006687364136312107,0.0005863138625987692,2,1,0.006756116934720249
16,111,18.31,1521.15,9,1.08,1512.54,19.2665,0.04634037961023297,0.0,0.00044730250732490405,0.0004435019008056687,2,1,0.010853521926059083
17,77,1184.38,1473.76,81,1220.28,1476.63,36.0157,0.05091093759918745,0.09229987938805306,0.0007009368186758759,0.0007175240850453031,2,2,0.006353796598116909
18,63,1112.57,1468.02,77,1184.38,1473.76,72.0316,0.03694534374404875,0.05091093759918745,0.0006720860072662148,0.0007009368186758759,2,2,0.005162972584471117
19,56,1069.49,1468.02,63,1112.57,1468.02,43.0813,0.02247191011235955,0.03694534374404875,0.0006537175779241498,0.0006720860072662148,2,2,0.004149333126236667
20,177,98.73,1460.84,111,18.31,1521.15,100.6892,0.025391988827524917,0.04634037961023297,0.00045140106504165775,0.00044730250732490405,2,2,0.004021597325488831
21,177,98.73,1460.84,1,-0.36,1456.53,99.1806,0.025391988827524917,0.0,0.00045140106504165775,0.0004321617799429556,2,1,0.006925124935555971
22,107,153.30,1434.99,177,98.73,1460.84,60.3822,0.10969339173490764,0.025391988827524917,0.00046310176629885943,0.00045140106504165775,2,2,0.00531345553891818
23,107,153.30,1434.99,98,140.37,1410.58,27.6228,0.10969339173490764,0.044816860280581475,0.00046310176629885943,0.00045741480265123585,2,1,0.02090793367880392
24,154,637.24,1521.15,133,360.09,1390.47,320.7162,0.341903129562623,0.12721386402589982,0.000590379736913436,0.0005084367120180713,2,2,0.0013299739031679652
25,133,360.09,1390.47,131,354.24,1522.67,132.3260,0.12721386402589982,0.13191138195899194,0.0005084367120180713,0.0005179412594274564,2,2,0.0017132482125772998
26,133,360.09,1390.47,107,153.30,1434.99,213.3854,0.12721386402589982,0.10969339173490764,0.0005084367120180713,0.00046310176629885943,2,2,0.0035607678017455942
27,98,140.37,1410.58,35,222.23,1361.75,118.9985,0.044816860280581475,0.0,0.00045741480265123585,0.0004339280645341621,1,1,0.006638665869059921
28,98,140.37,1410.58,21,130.32,1324.41,94.6168,0.044816860280581475,0.0,0.00045741480265123585,0.00043854172797319884,1,1,0.007008585647751061
29,95,1350.24,1303.59,26,1557.03,1312.21,206.9697,0.07274804799085888,0.0,0.0007533032348966236,0.0006521908068403977,2,1,0.007932930521638454
30,93,1347.16,1516.88,95,1350.24,1303.59,231.6357,0.03999238240335174,0.07274804799085888,0.0006687364136312107,0.0007533032348966236,2,2,0.003863017838066047
31,95,1350.24,1303.59,92,1314.13,1302.91,36.1127,0.07274804799085888,0.09801307687424618,0.0007533032348966236,0.0007674905563671758,2,2,0.003099949583772729
32,174,952.25,1519.75,173,947.94,1278.49,299.7535,0.43572652828032754,0.4750841109629912,0.0006886730307498568,0.0008091087572945416,2,2,0.014822303595941015
33,94,1347.37,1256.20,95,1350.24,1303.59,50.0423,0.011172475084110962,0.07274804799085888,0.0007372231096648946,0.0007533032348966236,2,2,0.0007447702777577317
34,92,1314.13,1302.91,94,1347.37,1256.20,62.6425,0.09801307687424618,0.011172475084110962,0.0007674905563671758,0.0007372231096648946,2,2,0.0005880606695608139
35,155,645.14,1250.46,134,364.39,1324.41,295.6658,0.2851520345331048,0.005967117374468355,0.0008258567822886019,0.0007527976920562572,2,2,0.001105902130333325
36,155,645.14,1250.46,148,554.67,1240.40,91.0275,0.2851520345331048,0.31930425950612584,0.0008258567822886019,0.0008560399315850387,2,2,0.009200111635893377
37,144,523.80,1239.40,148,554.67,1240.40,30.8913,0.2968323493937663,0.31930425950612584,0.0008523548468247351,0.0008560399315850387,2,2,0.009237584994540778
38,134,364.39,1324.41,89,128.60,1238.25,255.8570,0.005967117374468355,0.0016504792737891195,0.0007527976920562572,0.0006816561276476556,2,2,0.000714654768926509
39,89,128.60,1238.25,79,12.56,1217.57,117.8606,0.0016504792737891195,0.0,0.0006816561276476556,0.0006733252404935242,2,2,6.063791973908509e-05
40,82,1233.20,1215.27,78,1192.99,1210.97,40.4394,0.4309020504030978,0.08087348441566686,0.0008344608395523351,0.0008094314726000013,2,2,0.008372335965657837
41,78,1192.99,1210.97,67,1135.55,1209.53,57.4597,0.08087348441566686,0.0594172538564083,0.0008094314726000013,0.0007752001264485541,2,2,0.00448200706928237
42,157,673.86,1204.50,148,554.67,1240.40,124.4810,0.06601917095156479,0.31930425950612584,0.0008364438581476327,0.0008560399315850387,2,2,0.0029100515238831195
43,65,112.51,1201.49,121,259.56,1215.27,147.6957,0.12797562369072557,0.1347045007300197,0.00072282068521814,0.0007719977974989578,2,2,0.001859034177501859
44,162,72.30,1196.89,65,112.51,1201.49,40.4710,0.0619564527391608,0.12797562369072557,0.0007032874544631646,0.00072282068521814,2,2,0.01061003691962962
45,162,72.30,1196.89,89,128.60,1238.25,70.1783,0.0619564527391608,0.0016504792737891195,0.0007032874544631646,0.0006816561276476556,2,2,0.0017431709839155847
46,79,12.56,1217.57,162,72.30,1196.89,63.8124,0.0,0.0619564527391608,0.0006733252404935242,0.0007032874544631646,2,2,0.0019268261453210054
47,162,72.30,1196.89,0,-0.07,1188.85,72.8220,0.0619564527391608,0.0,0.0007032874544631646,0.0006692067136844687,2,1,0.009800393914097948
48,169,870.60,1167.17,157,673.86,1204.50,200.2496,0.07414460737637275,0.06601917095156479,0.0008164838092462417,0.0008364438581476327,2,2,0.004000283448130907
49,84,1233.92,1126.96,82,1233.20,1215.27,88.3196,0.4277280517996572,0.4309020504030978,0.0008593097343620983,0.0008344608395523351,2,2,0.023340084272235693
50,70,1159.24,1121.21,84,1233.92,1126.96,74.8948,0.2468101314035422,0.4277280517996572,0.0008634845214267824,0.0008593097343620983,2,2,0.006577293034736182
51,145,531.26,1100.96,157,673.86,1204.50,246.2131,0.17241160413889417,0.06601917095156479,0.0008587712734295183,0.0008364438581476327,2,2,0.00027327452933904997
52,145,531.26,1100.96,144,523.80,1239.40,138.6359,0.17241160413889417,0.2968323493937663,0.0008587712734295183,0.0008523548468247351,2,2,0.003750996232571645
53,123,268.18,1083.73,121,259.56,1215.27,131.8235,0.04989525804608646,0.1347045007300197,0.0007917895431365617,0.0007719977974989578,2,2,0.0013590274922599091
54,71,116.53,1069.95,123,268.18,1083.73,152.2716,0.09953659620389767,0.04989525804608646,0.0007457314065115755,0.0007917895431365617,2,2,0.0003180489987369598
55,65,112.51,1201.49,71,116.53,1069.95,131.6031,0.12797562369072557,0.09953659620389767,0.00072282068521814,0.0007457314065115755,2,2,0.0046862804856666026
56,96,1371.57,1055.91,27,1557.17,1083.73,187.6726,0.02247191011235955,0.0,0.0007616045438319738,0.000666828645588394,2,1,0.007438156563328991
57,96,1371.57,1055.91,94,1347.37,1256.20,282.6439,0.02247191011235955,0.011172475084110962,0.0007616045438319738,0.0007372231096648946,2,2,0.0013528607456056115
58,138,38.41,1013.65,7,0.50,1020.55,38.5331,0.04380118072748048,0.0,0.0007191555479364032,0.0006998701968832374,2,1,0.010984207110898234
59,71,116.53,1069.95,75,118.83,996.42,73.5613,0.09953659620389767,0.13864025899828605,0.0007457314065115755,0.0007619430363133095,2,2,0.0066135513489453115
60,138,38.41,1013.65,75,118.83,996.42,82.2441,0.04380118072748048,0.13864025899828605,0.0007191555479364032,0.0007619430363133095,2,2,0.005999708877780017
61,75,118.83,996.42,102,146.40,989.53,28.4206,0.13864025899828605,0.11426394972386213,0.0007619430363133095,0.0007678292585152221,2,2,0.007938801896230566
62,102,146.40,989.53,117,242.91,966.55,99.1998,0.11426394972386213,0.1328001015679553,0.0007678292585152221,0.0008122148709713882,2,2,0.0032586437008379748
63,125,275.07,961.96,123,268.18,1083.73,122.4276,0.08341268329841935,0.04989525804608646,0.0008238158326013079,0.0007917895431365617,2,2,0.0021028111168373467
64,117,242.91,966.55,125,275.07,961.96,32.4940,0.1328001015679553,0.08341268329841935,0.0008122148709713882,0.0008238158326013079,2,2,0.005227626858854029
65,163,733.60,976.92,146,542.26,953.23,192.7985,0.1720307243064813,0.3161302609026852,0.0009135502009710619,0.0009097198656176123,2,2,0.00437386986857117
66,146,542.26,953.23,145,531.26,1100.96,148.1433,0.3161302609026852,0.17241160413889417,0.0009097198656176123,0.0008587712734295183,2,2,0.006381040708792632
67,142,503.65,949.79,146,542.26,953.23,38.7630,0.29467403034342665,0.3161302609026852,0.0009150225643613363,0.0009097198656176123,2,2,0.010676488274989512
68,142,503.65,949.79,139,388.81,939.55,115.2968,0.29467403034342665,0.27029772106900274,0.0009150225643613363,0.0008793256974079567,2,2,0.0061943296675952735
69,125,275.07,961.96,139,388.81,939.55,115.9199,0.08341268329841935,0.27029772106900274,0.0008238158326013079,0.0008793256974079567,2,2,0.004584669320347189
70,51,1027.13,946.02,57,1084.57,924.48,61.3478,0.07274804799085888,0.13406970100933155,0.0008800599860356925,0.0009037887708754007,2,2,0.004098328014854099
71,57,1084.57,924.48,58,1085.29,811.75,112.7317,0.13406970100933155,0.13572018028312066,0.0009037887708754007,0.0009169885559230633,2,2,0.0035972969181153375
72,69,1155.65,807.44,58,1085.29,811.75,70.4978,0.0449438202247191,0.13572018028312066,0.0009092701755604347,0.0009169885559230633,2,2,0.002290566544303647
73,69,1155.65,807.44,85,1234.64,803.13,79.0998,0.0449438202247191,0.18561543832920713,0.0009092701755604347,0.00089614285359662,2,2,0.0014819975911338898
74,126,29.22,767.80,138,38.41,1013.65,246.0224,0.044816860280581475,0.04380118072748048,0.0007307257919313842,0.0007191555479364032,2,2,0.0007560904509780928
75,126,29.22,767.80,6,-0.65,770.10,29.9580,0.044816860280581475,0.0,0.0007307257919313842,0.0007151581578774889,2,1,0.011305513867982902
76,102,146.40,989.53,105,151.57,751.14,238.4394,0.11426394972386213,0.1564146511775535,0.0007678292585152221,0.0007906102626721494,2,2,0.0018541341774494888
77,105,151.57,751.14,126,29.22,767.80,123.4797,0.1564146511775535,0.044816860280581475,0.0007906102626721494,0.0007307257919313842,2,2,0.00613243772062947
78,117,242.91,966.55,119,251.52,739.66,227.0584,0.1328001015679553,0.20973782771535582,0.0008122148709713882,0.0008382308568334646,2,2,0.0006206120930885912
79,105,151.57,751.14,119,251.52,739.66,100.6067,0.1564146511775535,0.20973782771535582,0.0007906102626721494,0.0008382308568334646,2,2,0.004444932901487133
80,139,388.81,939.55,137,378.47,720.70,219.0984,0.27029772106900274,0.38405383101631435,0.0008793256974079567,0.0009048727859074487,2,2,0.0026966940173046615
81,119,251.52,739.66,137,378.47,720.70,128.3537,0.20973782771535582,0.38405383101631435,0.0008382308568334646,0.0009048727859074487,2,2,0.004780075951758172
82,137,378.47,720.70,136,376.17,680.49,40.2748,0.38405383101631435,0.3657715990604964,0.0009048727859074487,0.0009068618047958303,2,2,0.00995336288513761
83,143,516.33,663.26,142,503.65,949.79,286.8107,0.16073128927823271,0.29467403034342665,0.0009401604272217433,0.0009150225643613363,2,2,0.0010701293730561458
84,136,376.17,680.49,143,516.33,663.26,141.2133,0.3657715990604964,0.16073128927823271,0.0009068618047958303,0.0009401604272217433,2,2,0.004505094607888139
85,105,151.57,751.14,97,139.51,648.32,103.8576,0.1564146511775535,0.11299435028248588,0.0007906102626721494,0.0007726203384618699,2,2,0.010120374136041515
86,143,516.33,663.26,153,630.58,645.20,115.6661,0.16073128927823271,0.16327048816098522,0.0009401604272217433,0.000937718901060753,2,2,0.006332320258074348
87,153,630.58,645.20,164,748.33,629.40,118.8104,0.16327048816098522,0.1260712245286612,0.000937718901060753,0.0009409373384222601,2,2,0.005302090636509344
88,165,762.00,627.51,163,733.60,976.92,350.5589,0.1347045007300197,0.1720307243064813,0.0009419681112973975,0.0009135502009710619,2,2,0.0009020849798367882
89,165,762.00,627.51,164,748.33,629.40,13.8005,0.1347045007300197,0.1260712245286612,0.0009419681112973975,0.0009409373384222601,2,2,0.011190242952454247
90,100,1434.82,602.95,25,1539.37,926.92,402.9360,0.06703485050466577,0.0,0.0007602128604721874,0.000582718877637767,1,1,0.00638875687770126
91,100,1434.82,602.95,23,1429.08,747.70,144.8672,0.06703485050466577,0.0,0.0007602128604721874,0.0006851781754745658,1,1,0.008244734686693801
92,90,1282.03,587.72,100,1434.82,602.95,153.5514,0.11032819145559576,0.06703485050466577,0.0008562316876784935,0.0007602128604721874,1,1,0.030354671921296053
93,90,1282.03,587.72,19,1268.24,718.98,131.9764,0.11032819145559576,0.0,0.0008562316876784935,0.0007697381161305237,1,1,0.009730901535075245
94,54,1054.93,587.04,58,1085.29,811.75,226.7944,0.28413635498000384,0.13572018028312066,0.0009577982057361738,0.0009169885559230633,2,2,0.0012773814685683178
95,54,1054.93,587.04,51,1027.13,946.02,360.0520,0.28413635498000384,0.07274804799085888,0.0009577982057361738,0.0008800599860356925,2,2,0.0005810767149359409
96,54,1054.93,587.04,165,762.00,627.51,295.7077,0.28413635498000384,0.1347045007300197,0.0009577982057361738,0.0009419681112973975,2,2,0.0057659952818081145
97,100,1434.82,602.95,29,1557.75,590.31,142.6452,0.06703485050466577,0.0,0.0007602128604721874,0.0006862170481970808,1,1,0.008268637845932543
98,97,139.51,648.32,91,129.17,573.65,75.3867,0.11299435028248588,0.10931251190249476,0.0007726203384618699,0.0007653575526425372,2,2,0.008435489501720747
99,66,1129.81,570.49,69,1155.65,807.44,238.3530,0.16758712626166444,0.0449438202247191,0.0009471675622124438,0.0009092701755604347,2,2,0.0004050771044536034
100,54,1054.93,587.04,66,1129.81,570.49,76.6863,0.28413635498000384,0.16758712626166444,0.0009577982057361738,0.0009471675622124438,2,2,0.004575373078386153
101,126,29.22,767.80,5,-0.65,569.05,201.0602,0.044816860280581475,0.0,0.0007307257919313842,0.0006375790162510101,2,1,0.007943948165562017
102,91,129.17,573.65,115,207.29,558.71,79.5356,0.10931251190249476,0.054084936202628074,0.0007653575526425372,0.000756703127117334,2,2,0.0010166177062831984
103,85,1234.64,803.13,80,1211.66,548.95,255.2667,0.18561543832920713,0.3954802259887006,0.00089614285359662,0.0009321277743597751,2,2,0.003784281632722101
104,66,1129.81,570.49,80,1211.66,548.95,84.6413,0.16758712626166444,0.3954802259887006,0.0009471675622124438,0.0009321277743597751,2,2,0.005010813531664844
105,87,1278.23,547.55,90,1282.03,587.72,40.3539,0.21786326414016377,0.11032819145559576,0.0008849181082166593,0.0008562316876784935,2,1,0.049522804776027426
106,80,1211.66,548.95,87,1278.23,547.55,66.5857,0.3954802259887006,0.21786326414016377,0.0009321277743597751,0.0008849181082166593,2,2,0.029773754060294366
107,108,1536.00,545.39,87,1278.23,547.55,257.7788,0.07427156732051038,0.21786326414016377,0.0007494114221629481,0.0008849181082166593,2,2,0.007246062853287581
108,108,1536.00,545.39,33,1558.98,544.90,22.9844,0.07427156732051038,0.0,0.0007494114221629481,0.0007367916521585284,2,1,0.011615329943444209
109,115,207.29,558.71,97,139.51,648.32,364.9171,0.054084936202628074,0.11299435028248588,0.000756703127117334,0.0007726203384618699,2,2,0.0
110,91,129.17,573.65,74,118.63,513.80,60.7706,0.10931251190249476,0.04215070145369136,0.0007653575526425372,0.000759416475677476,2,2,0.003629143731306166
111,115,207.29,558.71,114,196.17,500.88,58.8974,0.054084936202628074,0.06347997206881228,0.000756703127117334,0.000768185398041511,2,2,0.0017616854462027224
112,114,196.17,500.88,74,118.63,513.80,78.6160,0.06347997206881228,0.04215070145369136,0.000768185398041511,0.000759416475677476,2,2,0.0004331184486948693
113,132,36.77,482.21,3,-0.57,489.39,38.0213,0.044816860280581475,0.0,0.0007195809409300134,0.0007005227308488636,1,1,0.011357026932098273
114,74,118.63,513.80,60,110.01,467.85,46.7542,0.04215070145369136,0.075414206817749,0.000759416475677476,0.0007592084256661046,2,2,0.003656419822811106
115,60,110.01,467.85,132,36.77,482.21,74.6328,0.075414206817749,0.044816860280581475,0.0007592084256661046,0.0007195809409300134,2,1,0.028423875572133883
116,113,189.71,451.33,114,196.17,500.88,49.9632,0.13343490128864344,0.06347997206881228,0.0007904322832992716,0.000768185398041511,2,2,0.0029831925687955198
117,60,110.01,467.85,113,189.71,451.33,81.3934,0.075414206817749,0.13343490128864344,0.0007592084256661046,0.0007904322832992716,2,2,0.0024611905017570567
118,136,376.17,680.49,129,334.75,445.59,238.8701,0.3657715990604964,0.44080492604583255,0.0009068618047958303,0.0008727948949143939,2,2,0.007670564244680242
119,140,409.42,425.48,129,334.75,445.59,77.3333,0.2669967625214245,0.44080492604583255,0.000861495265495715,0.0008727948949143939,2,2,0.010026119346141988
120,54,1054.93,587.04,53,1033.39,424.77,163.7122,0.28413635498000384,0.18675807782644577,0.0009577982057361738,0.0009299428863978153,2,2,0.0017195777058418892
121,129,334.75,445.59,128,326.13,418.30,28.6130,0.44080492604583255,0.36221672062464294,0.0008727948949143939,0.000859123791547244,2,2,0.015050626957403165
122,128,326.13,418.30,113,189.71,451.33,140.3655,0.36221672062464294,0.13343490128864344,0.000859123791547244,0.0007904322832992716,2,2,0.016572511211277625
123,66,1129.81,570.49,61,1106.62,414.71,157.4920,0.16758712626166444,0.09306163905287881,0.0009471675622124438,0.0009215445033690124,2,2,0.0004993208304740861
124,61,1106.62,414.71,53,1033.39,424.77,73.9248,0.09306163905287881,0.18675807782644577,0.0009215445033690124,0.0009299428863978153,2,2,0.002224383929274598
125,164,748.33,629.40,161,718.17,411.12,220.3520,0.1260712245286612,0.03250174569923189,0.0009409373384222601,0.0008985494214410648,2,2,0.0020857727509555474
126,76,1184.17,403.23,80,1211.66,548.95,148.2945,0.2391925347552847,0.3954802259887006,0.0009090894089540957,0.0009321277743597751,2,2,0.004169843391235907
127,61,1106.62,414.71,76,1184.17,403.23,78.3928,0.09306163905287881,0.2391925347552847,0.0009215445033690124,0.0009090894089540957,2,2,0.0021083294404088478
128,106,1513.02,400.35,32,1558.98,403.23,46.0430,0.051672697264013204,0.0,0.0007108027673198558,0.0006883997411931007,2,1,0.010108046629852117
129,106,1513.02,400.35,108,1536.00,545.39,146.8491,0.051672697264013204,0.07427156732051038,0.0007108027673198558,0.0007494114221629481,2,2,0.005214012361251529
130,150,592.52,378.81,153,630.58,645.20,269.0906,0.3325080936964388,0.16327048816098522,0.0008976845803753358,0.000937718901060753,2,2,0.000549271014714324
131,150,592.52,378.81,140,409.42,425.48,188.9503,0.3325080936964388,0.2669967625214245,0.0008976845803753358,0.000861495265495715,2,2,0.01097652300662973
132,53,1033.39,424.77,50,1020.46,368.76,57.4777,0.18675807782644577,0.1802831206754269,0.0009299428863978153,0.0009161952352771633,2,2,0.005233415705292689
133,161,718.17,411.12,48,931.43,406.10,254.7910,0.03250174569923189,0.0,0.0008985494214410648,0.0007319227363362428,2,1,0.008672239653807003
134,132,36.77,482.21,2,-0.57,352.96,134.5290,0.044816860280581475,0.0,0.0007195809409300134,0.0006563958444613094,1,1,0.008948459718946634
135,161,718.17,411.12,158,700.94,349.37,64.1093,0.03250174569923189,0.48168602805814764,0.0008985494214410648,0.0009024645877446117,2,2,0.0065677070421505295
136,158,700.94,349.37,150,592.52,378.81,112.3469,0.48168602805814764,0.3325080936964388,0.0009024645877446117,0.0008976845803753358,2,2,0.012584148782355309
137,76,1184.17,403.23,73,1175.55,345.78,58.0844,0.2391925347552847,0.16555576715546244,0.0009090894089540957,0.0008834403787700397,2,2,0.006558262051445733
138,170,888.35,299.83,50,1020.46,368.76,149.0168,0.378086713641846,0.1802831206754269,0.0009070093619799332,0.0009161952352771633,2,2,0.0016358559694492506
139,158,700.94,349.37,170,888.35,299.83,193.8420,0.48168602805814764,0.378086713641846,0.0009024645877446117,0.0009070093619799332,2,2,0.024829294502374397
140,104,1490.05,278.29,106,1513.02,400.35,124.2074,0.04329334095092998,0.051672697264013204,0.000700349871503268,0.0007108027673198558,2,2,0.005844653083245246
141,104,1490.05,278.29,28,1557.54,276.85,67.5093,0.04329334095092998,0.0,0.000700349871503268,0.0006689017814262516,2,1,0.009746272922088323
142,178,996.05,272.55,50,1020.46,368.76,99.2637,0.2256078207325589,0.1802831206754269,0.0008987791080533298,0.0009161952352771633,2,2,0.001780883755778548
143,170,888.35,299.83,178,996.05,272.55,111.1056,0.378086713641846,0.2256078207325589,0.0009070093619799332,0.0008987791080533298,2,2,0.0047097239011624934
144,116,24.56,263.21,10,1.59,270.39,24.0725,0.044816860280581475,0.0,0.0006256742494628141,0.0006164418443693961,1,1,0.011051112515465126
145,55,1069.29,255.31,61,1106.62,414.71,163.7153,0.20173935123468545,0.09306163905287881,0.0008882051013639846,0.0009215445033690124,2,2,0.0005384746917298191
146,178,996.05,272.55,55,1069.29,255.31,75.2383,0.2256078207325589,0.20173935123468545,0.0008987791080533298,0.0008882051013639846,2,2,0.00709232558785908
147,149,579.60,249.57,44,637.04,275.42,201.1748,0.044816860280581475,0.0,0.0007732964495023648,0.0006696982882307457,1,1,0.008199640057369489
148,172,94.93,238.80,116,24.56,263.21,74.4807,0.08874500095219959,0.044816860280581475,0.0006553564224384496,0.0006256742494628141,1,1,0.024582038494954356
149,68,1145.40,232.34,73,1175.55,345.78,117.3873,0.19869231257538247,0.16555576715546244,0.0008730859631953751,0.0008834403787700397,2,2,0.0017986584280863622
150,55,1069.29,255.31,68,1145.40,232.34,79.5028,0.20173935123468545,0.19869231257538247,0.0008882051013639846,0.0008730859631953751,2,2,0.006743328847957122
151,156,667.19,226.59,158,700.94,349.37,127.3351,0.22903573922427475,0.48168602805814764,0.0008300328116120593,0.0009024645877446117,2,2,0.02698270580816609
152,156,667.19,226.59,149,579.60,249.57,90.9482,0.22903573922427475,0.044816860280581475,0.0008300328116120593,0.0007732964495023648,2,1,0.025400348247324657
153,124,268.69,211.51,128,326.13,418.30,214.8200,0.26077572525868087,0.36221672062464294,0.0007512621458339586,0.000859123791547244,2,2,0.007216105310863648
154,112,181.09,205.77,172,94.93,238.80,92.2763,0.13165746207071669,0.08874500095219959,0.0006952765593621368,0.0006553564224384496,1,1,0.037732213859104025
155,156,667.19,226.59,166,770.59,205.05,105.6151,0.22903573922427475,0.08836412111978671,0.0008300328116120593,0.0007662561271820143,2,2,0.040372839505083295
156,86,1261.72,202.18,73,1175.55,345.78,167.4700,0.2913730717958484,0.16555576715546244,0.0008273175514686507,0.0008834403787700397,2,2,0.0018696189787953635
157,86,1261.72,202.18,68,1145.40,232.34,120.1652,0.2913730717958484,0.19869231257538247,0.0008273175514686507,0.0008730859631953751,2,2,0.004687017673621498
158,116,24.56,263.21,8,0.87,200.74,66.8108,0.044816860280581475,0.0,0.0006256742494628141,0.0006007047805284807,1,1,0.00906035560264248
159,149,579.60,249.57,39,435.99,324.24,285.5772,0.044816860280581475,0.0,0.0007732964495023648,0.0006340599402231014,1,1,0.007485649240378781
160,140,409.42,425.48,130,339.06,188.54,247.1748,0.2669967625214245,0.03275566558750714,0.000861495265495715,0.0007432240362735217,2,2,0.00048107923597856653
161,130,339.06,188.54,124,268.69,211.51,74.0224,0.03275566558750714,0.26077572525868087,0.0007432240362735217,0.0007512621458339586,2,2,0.0022884170789332276
162,122,260.08,178.48,124,268.69,211.51,34.1344,0.21519710531327366,0.26077572525868087,0.0007348526314333544,0.0007512621458339586,2,2,0.013959147026216149
163,122,260.08,178.48,112,181.09,205.77,83.5624,0.21519710531327366,0.13165746207071669,0.0007348526314333544,0.0006952765593621368,2,1,0.052152883586504176
164,178,996.05,272.55,176,970.20,169.15,106.5773,0.2256078207325589,0.08100044435980448,0.0008987791080533298,0.0008445644374183053,2,2,0.0016473015509932028
165,170,888.35,299.83,176,970.20,169.15,154.1993,0.378086713641846,0.08100044435980448,0.0009070093619799332,0.0008445644374183053,2,2,0.0017073899086467734
166,168,826.60,156.23,166,770.59,205.05,80.6719,0.0666539706722529,0.08836412111978671,0.0007233032023572712,0.0007662561271820143,2,2,0.005130513371986235
167,103,1464.20,151.92,104,1490.05,278.29,128.9884,0.2840093950358662,0.04329334095092998,0.0007278091840479474,0.000700349871503268,2,2,0.008590159446744555
168,86,1261.72,202.18,103,1464.20,151.92,208.6271,0.2913730717958484,0.2840093950358662,0.0008273175514686507,0.0007278091840479474,2,2,0.020539958630763494
169,103,1464.20,151.92,31,1558.98,147.61,94.8767,0.2840093950358662,0.0,0.0007278091840479474,0.0006810457240535607,2,1,0.009947083350874708
170,130,339.06,188.54,135,364.91,139.71,71.2209,0.03275566558750714,0.044182060559893356,0.0007432240362735217,0.0007199497015958343,2,2,0.002159374746821007
171,118,244.28,131.10,122,260.08,178.48,49.9529,0.048371738716434964,0.21519710531327366,0.000712308838877431,0.0007348526314333544,2,2,0.005944515587504545
172,171,938.61,126.07,46,865.37,186.38,116.0927,0.02247191011235955,0.0,0.0006682039830488468,0.0006203514391832062,2,1,0.007785991575733361
173,171,938.61,126.07,168,826.60,156.23,116.0000,0.02247191011235955,0.0666539706722529,0.0006682039830488468,0.0007233032023572712,2,2,0.0029315508782485795
174,175,960.15,117.45,176,970.20,169.15,52.6658,0.06525741128673904,0.08100044435980448,0.0008158488723308928,0.0008445644374183053,2,2,0.004839921230118458
175,64,1119.55,113.14,86,1261.72,202.18,167.7469,0.03402526502888339,0.2913730717958484,0.0007998847260057694,0.0008273175514686507,2,2,0.0011660398281118384
176,68,1145.40,232.34,64,1119.55,113.14,121.9623,0.19869231257538247,0.03402526502888339,0.0008730859631953751,0.0007998847260057694,2,2,0.0016220000091606145
177,127,311.77,108.12,118,244.28,131.10,71.2978,0.02551894877166254,0.048371738716434964,0.0007008634033126306,0.000712308838877431,2,2,0.0027198035293563927
178,135,364.91,139.71,127,311.77,108.12,85.0514,0.044182060559893356,0.02551894877166254,0.0007199497015958343,0.0007008634033126306,2,2,0.0018792721046696325
179,55,1069.29,255.31,52,1029.08,95.91,164.3941,0.20173935123468545,0.047229099219196345,0.0008882051013639846,0.0008057084632924676,2,2,0.0004434869172258035
180,52,1029.08,95.91,175,960.15,117.45,76.3929,0.047229099219196345,0.06525741128673904,0.0008057084632924676,0.0008158488723308928,2,2,0.0034027971129230116
181,103,1464.20,151.92,101,1439.79,82.99,73.1255,0.2840093950358662,0.2159588649780994,0.0007278091840479474,0.0006951759030945506,2,1,0.07411478341427477
182,62,1109.50,81.55,64,1119.55,113.14,33.1537,0.03275566558750714,0.03402526502888339,0.0007941467522486083,0.0007998847260057694,2,2,0.005140186924134583
183,52,1029.08,95.91,62,1109.50,81.55,86.2048,0.047229099219196345,0.03275566558750714,0.0008057084632924676,0.0007941467522486083,2,2,0.0032200154017186806
184,72,1168.37,70.06,17,1187.04,116.02,49.6007,0.044816860280581475,0.0,0.000562161133630923,0.0005469946478288447,1,1,0.008282345260907702
185,167,789.26,54.27,168,826.60,156.23,108.5805,0.0,0.0666539706722529,0.0006709461709212467,0.0007233032023572712,2,2,0.00042383282163805297
186,166,770.59,205.05,167,789.26,54.27,202.2033,0.08836412111978671,0.0,0.0007662561271820143,0.0006709461709212467,2,2,0.0
187,101,1439.79,82.99,99,1426.86,52.83,32.8098,0.2159588649780994,0.13165746207071669,0.0006951759030945506,0.0006807822685925616,1,1,0.05112854208711921
188,152,615.50,51.39,156,667.19,226.59,182.6657,0.06436869167777566,0.22903573922427475,0.0007453746792885685,0.0008300328116120593,2,2,0.006693044379361547
189,135,364.91,139.71,152,615.50,51.39,265.6972,0.044182060559893356,0.06436869167777566,0.0007199497015958343,0.0007453746792885685,2,2,0.003623816939614381
190,101,1439.79,82.99,110,1560.41,37.03,133.1344,0.2159588649780994,0.04468990033644385,0.0006951759030945506,0.0006378041117054666,1,1,0.02406895240844022
191,167,789.26,54.27,171,938.61,126.07,217.1013,0.0,0.02247191011235955,0.0006709461709212467,0.0006682039830488468,2,2,1.1745516502241847e-05
192,99,1426.86,52.83,88,1278.95,19.80,202.1199,0.13165746207071669,0.08874500095219959,0.0006807822685925616,0.0006021199041132036,1,1,0.03345684559250584
193,88,1278.95,19.80,72,1168.37,70.06,121.4625,0.08874500095219959,0.044816860280581475,0.0006021199041132036,0.000562161133630923,1,1,0.020640454838901597
194,172,94.93,238.80,42,6.61,2.57,252.1985,0.08874500095219959,0.0,0.0006553564224384496,0.0005628510778657431,1,1,0.007047742494963737
195,118,244.28,131.10,34,200.48,2.57,135.7840,0.048371738716434964,0.0,0.000712308838877431,0.0006498120168308147,2,1,0.009121504590448746
196,127,311.77,108.12,37,273.72,2.57,112.2000,0.02551894877166254,0.0,0.0007008634033126306,0.0006500339386006032,2,1,0.009187574938758854
197,88,1278.95,19.80,20,1271.77,2.57,18.6686,0.08874500095219959,0.0,0.0006021199041132036,0.0005954640537746808,1,1,0.011061580015234794
198,110,1560.41,37.03,109,1547.49,2.57,36.8087,0.04468990033644385,0.02247191011235955,0.0006378041117054666,0.0006234150290173184,1,1,0.017286726115272207
199,109,1547.49,2.57,24,1464.20,28.42,87.2094,0.02247191011235955,0.0,0.0006234150290173184,0.0005914404486806,1,1,0.00829798479935549
200,52,1029.08,95.91,11,1001.07,1.85,98.1408,0.047229099219196345,0.0,0.0008057084632924676,0.0007469748445171756,2,1,0.010394746014462138
201,62,1109.50,81.55,13,1088.67,1.85,82.3756,0.03275566558750714,0.0,0.0007941467522486083,0.0007456421372566116,2,1,0.01066873966500488
202,175,960.15,117.45,47,924.96,0.42,122.2114,0.06525741128673904,0.0,0.0008158488723308928,0.0007422571309772638,2,1,0.009947015329669273
203,112,181.09,205.77,49,97.09,-0.30,222.5381,0.13165746207071669,0.0,0.0006952765593621368,0.000602567729992325,1,1,0.007776388434866602
204,152,615.50,51.39,41,598.26,-0.30,54.4940,0.06436869167777566,0.0,0.0007453746792885685,0.0007164375831533735,2,1,0.010117612892751494
205,99,1426.86,52.83,22,1411.07,-0.30,55.4320,0.13165746207071669,0.0,0.0006807822685925616,0.0006561597958720199,1,1,0.010506712068250244
206,72,1168.37,70.06,15,1136.78,-1.74,78.4453,0.044816860280581475,0.0,0.000562161133630923,0.0005385453016659207,1,1,0.007645943716429927
207,174,952.25,1519.75,93,1347.16,1516.88,394.9224,0.43572652828032754,0.03999238240335174,0.0006886730307498568,0.0006687364136312107,2,2,0.0010579808128676198
208,83,1233.27,1297.52,92,1314.13,1302.91,81.0409,0.40309782263695804,0.09801307687424618,0.0008134948551925503,0.0007674905563671758,2,2,0.01217898444581771
209,173,947.94,1278.49,83,1233.27,1297.52,285.9631,0.4750841109629912,0.40309782263695804,0.0008091087572945416,0.0008134948551925503,2,2,0.00798252596111939
210,121,259.56,1215.27,144,523.80,1239.40,265.3312,0.1347045007300197,0.2968323493937663,0.0007719977974989578,0.0008523548468247351,2,2,0.003150510919402653
211,134,364.39,1324.41,139,388.81,939.55,385.8143,0.005967117374468355,0.27029772106900274,0.0007527976920562572,0.0008793256974079567,2,2,0.000688052530388011
212,56,1069.49,1468.02,12,1054.41,1557.77,91.0105,0.02247191011235955,0.0,0.0006537175779241498,0.0006172032642826549,2,1,0.008405420685592071
213,63,1112.57,1468.02,14,1106.11,1559.21,91.6727,0.03694534374404875,0.0,0.0006720860072662148,0.0006332871599751422,2,1,0.008819239727895405
214,77,1184.38,1473.76,16,1172.17,1559.21,88.3006,0.05091093759918745,0.0,0.0007009368186758759,0.0006602984673119333,2,1,0.009316391970500893
215,81,1220.28,1476.63,18,1212.38,1560.64,84.3790,0.09229987938805306,0.0,0.0007175240850453031,0.0006767793745393075,2,1,0.009487650946192293
216,67,1135.55,1209.53,56,1069.49,1468.02,303.3003,0.0594172538564083,0.02247191011235955,0.0007752001264485541,0.0006537175779241498,2,2,6.2392470305996486e-06
217,67,1135.55,1209.53,63,1112.57,1468.02,261.0448,0.0594172538564083,0.03694534374404875,0.0007752001264485541,0.0006720860072662148,2,2,0.00016374811560313773
218,78,1192.99,1210.97,77,1184.38,1473.76,262.9372,0.08087348441566686,0.05091093759918745,0.0008094314726000013,0.0007009368186758759,2,2,8.807409623982957e-05
219,81,1220.28,1476.63,83,1233.27,1297.52,179.5885,0.09229987938805306,0.40309782263695804,0.0007175240850453031,0.0008134948551925503,2,2,0.004548599903214356
220,82,1233.20,1215.27,83,1233.27,1297.52,82.2422,0.4309020504030978,0.40309782263695804,0.0008344608395523351,0.0008134948551925503,2,2,0.014523217534434682
221,169,870.60,1167.17,45,818.90,1562.08,405.9495,0.07414460737637275,0.0,0.0008164838092462417,0.000614087317552463,2,1,0.006405103248467775
222,51,1027.13,946.02,169,870.60,1167.17,276.0620,0.07274804799085888,0.07414460737637275,0.0008800599860356925,0.0008164838092462417,2,2,0.004476769331385786
223,173,947.94,1278.49,155,645.14,1250.46,304.0953,0.4750841109629912,0.2851520345331048,0.0008091087572945416,0.0008258567822886019,2,2,0.014662947375734786
224,160,713.87,1524.06,174,952.25,1519.75,238.4222,0.4196026153748492,0.43572652828032754,0.0006124097273140823,0.0006886730307498568,2,2,0.09180510032871766
225,96,1371.57,1055.91,59,1088.85,1020.90,284.8806,0.02247191011235955,0.26255316447660765,0.0007616045438319738,0.0009035440301396705,2,2,0.0028923350346018507
226,59,1088.85,1020.90,163,733.60,976.92,357.9681,0.26255316447660765,0.1720307243064813,0.0009035440301396705,0.0009135502009710619,2,2,0.0035991583451032852
227,70,1159.24,1121.21,59,1088.85,1020.90,157.3128,0.2468101314035422,0.26255316447660765,0.0008634845214267824,0.0009035440301396705,2,2,0.004618245225132879
228,57,1084.57,924.48,59,1088.85,1020.90,96.5235,0.13406970100933155,0.26255316447660765,0.0009037887708754007,0.0009035440301396705,2,2,0.005170821125131208
229,69,1155.65,807.44,70,1159.24,1121.21,313.8071,0.0449438202247191,0.2468101314035422,0.0009092701755604347,0.0008634845214267824,2,2,0.00023486366685385477
230,84,1233.92,1126.96,85,1234.64,803.13,324.2744,0.4277280517996572,0.18561543832920713,0.0008593097343620983,0.00089614285359662,2,2,0.003631275622485627
